<?xml version="1.0" encoding="UTF-8"?>
<beans xmlns="http://www.springframework.org/schema/beans"
 xmlns:xsi="http://www.w3.org/2001/XMLSchema-instance"
 xmlns:context="http://www.springframework.org/schema/context"
 xmlns:p="http://www.springframework.org/schema/p"
 xsi:schemaLocation="http://www.springframework.org/schema/beans 
     http://www.springframework.org/schema/beans/spring-beans-4.0.xsd  
     http://www.springframework.org/schema/context 
     http://www.springframework.org/schema/context/spring-context-4.0.xsd"
 >
 	<!--for three beans we will be using property injection and for other three we wil
 	use constructor injection and to implement dependency injection we will use autowire by type
 	and by Name  -->
 	
      
 	
 	<bean id="cold" class="com.masai.app.annotations.Collage" autowire="byName" init-method="setUp" destroy-method="destroy">
		<property name="collage_name" value="VIT" />
		<property name="collage_address" value="Chennai" />
		<property name="student" ref="stud" />
		
	</bean>
	
	<bean id="stud" class="com.masai.app.annotations.Student">
		<property name="roll" value="101" />
		<property name="name" value="Kanishka" />
		<property name="marks" value="360" />
		<property name="call_name">
			<list>
			<value>Aman</value>
			<value>Alok</value>
			<value>Ajay</value>
			<value>Ankur</value>
			<value>Amar</value>
			</list>
		</property>
	</bean>
		
	<bean id="city" class="com.masai.app.annotations.City">
		<property name="cities">
			<list>
				<value>Patna</value>
				<value>Chennai</value>
				<value>Kolkata</value>
				<value>Bangalore</value>
				<value>Delhi</value>
			</list>
		</property>
	</bean>
		
 	
 	
 	
 	

 
 	
 
 </beans>